<?xml version="1.0" encoding="UTF-8"?>
<!-- Generated by eXe - http://exelearning.net -->
<manifest identifier="eXe_iesgn202362c6c2ea274d16a1911" xmlns="http://www.imsproject.org/xsd/imscp_rootv1p1p2" xmlns:adlcp="http://www.adlnet.org/xsd/adlcp_rootv1p2" xmlns:imsmd="http://www.imsglobal.org/xsd/imsmd_v1p2" xmlns:xsi="http://www.w3.org/2001/XMLSchema-instance" xsi:schemaLocation="http://www.imsproject.org/xsd/imscp_rootv1p1p2 imscp_rootv1p1p2.xsd http://www.imsglobal.org/xsd/imsmd_rootv1p2p1 imsmd_rootv1p2p1.xsd http://www.adlnet.org/xsd/adlcp_rootv1p2 adlcp_rootv1p2.xsd" > 
<metadata> 
 <schema>ADL SCORM</schema> 
 <schemaversion>1.2</schemaversion> 
 <adlcp:location>imslrm.xml</adlcp:location> 
</metadata> 
<organizations default="eXe_iesgn202362c6c2ea274d16a1912">  
    <organization identifier="eXe_iesgn202362c6c2ea274d16a1912" structure="hierarchical">
        <title>Montaje y Diagnóstico de Redes de Datos de fibra óptica de acuerdo a los estándares TIA/ISO</title>
<item identifier="ITEM-eXe_iesgn202362c6c2ea274d16a1913" isvisible="true" identifierref="RES-eXe_iesgn202362c6c2ea274d16a1914">
    <title>Inicio</title>
<item identifier="ITEM-eXe_iesgn202362c6c2ea274d16a1915" isvisible="true" identifierref="RES-eXe_iesgn202362c6c2ea274d16a1916">
    <title>P01. Introducción a la Fibra Óptica y sus principales medidas de protección y seguridad</title>
</item>
<item identifier="ITEM-eXe_iesgn202362c6c2ea274d16a1917" isvisible="true" identifierref="RES-eXe_iesgn202362c6c2ea274d16a1918">
    <title>P02. Empalme por fusión de dos fibras</title>
</item>
<item identifier="ITEM-eXe_iesgn202362c6c2ea274d16a1919" isvisible="true" identifierref="RES-eXe_iesgn202362c6c2ea274d16a191a">
    <title>P03. Fusionado de pigtail</title>
</item>
<item identifier="ITEM-eXe_iesgn202362c6c2ea274d16a191b" isvisible="true" identifierref="RES-eXe_iesgn202362c6c2ea274d16a191c">
    <title>P04. Terminación cable fibra óptica en bandeja de 19"</title>
</item>
<item identifier="ITEM-eXe_iesgn202362c6c2ea274d16a191d" isvisible="true" identifierref="RES-eXe_iesgn202362c6c2ea274d16a191e">
    <title>P05. Prueba de enlace en fibra óptica</title>
</item>
<item identifier="ITEM-eXe_iesgn202362c6c2ea274d16a192f" isvisible="true" identifierref="RES-eXe_iesgn202362c6c2ea274d16a19210">
    <title>P06. Medición de pérdidas en fibra óptica</title>
</item>
<item identifier="ITEM-eXe_iesgn202362c6c2ea274d16a19211" isvisible="true" identifierref="RES-eXe_iesgn202362c6c2ea274d16a19212">
    <title>P07. Utilización del convertidor de medios</title>
</item>
<item identifier="ITEM-eXe_iesgn202362c6c2ea274d16a19213" isvisible="true" identifierref="RES-eXe_iesgn202362c6c2ea274d16a19214">
    <title>Anexo: Materiales</title>
</item>
<item identifier="ITEM-eXe_iesgn202362c6c2ea274d16a19215" isvisible="true" identifierref="RES-eXe_iesgn202362c6c2ea274d16a19216">
    <title>Anexo: Herramientas</title>
</item>
<item identifier="ITEM-eXe_iesgn202362c6c2ea274d16a19217" isvisible="true" identifierref="RES-eXe_iesgn202362c6c2ea274d16a19218">
    <title>Enlaces y Descargas</title>
</item>
</item>
  </organization>
</organizations>
<resources>
  <resource identifier="RES-eXe_iesgn202362c6c2ea274d16a1914" type="webcontent" adlcp:scormtype="sco" href="index.html"> 
    <file href="index.html"/> 
    <file href="exe_html5.js"/>
    <file href="intro.png"/>
    <dependency identifierref="COMMON_FILES"/>
  </resource>
  <resource identifier="RES-eXe_iesgn202362c6c2ea274d16a1916" type="webcontent" adlcp:scormtype="sco" href="p01_introduccin_a_la_fibra_ptica_y_sus_principales_medidas_de_proteccin_y_seguridad.html"> 
    <file href="p01_introduccin_a_la_fibra_ptica_y_sus_principales_medidas_de_proteccin_y_seguridad.html"/> 
    <file href="exe_html5.js"/>
    <dependency identifierref="COMMON_FILES"/>
  </resource>
  <resource identifier="RES-eXe_iesgn202362c6c2ea274d16a1918" type="webcontent" adlcp:scormtype="sco" href="p02_empalme_por_fusin_de_dos_fibras.html"> 
    <file href="p02_empalme_por_fusin_de_dos_fibras.html"/> 
    <file href="exe_html5.js"/>
    <dependency identifierref="COMMON_FILES"/>
  </resource>
  <resource identifier="RES-eXe_iesgn202362c6c2ea274d16a191a" type="webcontent" adlcp:scormtype="sco" href="p03_fusionado_de_pigtail.html"> 
    <file href="p03_fusionado_de_pigtail.html"/> 
    <file href="exe_html5.js"/>
    <dependency identifierref="COMMON_FILES"/>
  </resource>
  <resource identifier="RES-eXe_iesgn202362c6c2ea274d16a191c" type="webcontent" adlcp:scormtype="sco" href="p04_terminacin_cable_fibra_ptica_en_bandeja_de_19.html"> 
    <file href="p04_terminacin_cable_fibra_ptica_en_bandeja_de_19.html"/> 
    <file href="exe_html5.js"/>
    <dependency identifierref="COMMON_FILES"/>
  </resource>
  <resource identifier="RES-eXe_iesgn202362c6c2ea274d16a191e" type="webcontent" adlcp:scormtype="sco" href="p05_prueba_de_enlace_en_fibra_ptica.html"> 
    <file href="p05_prueba_de_enlace_en_fibra_ptica.html"/> 
    <file href="exe_html5.js"/>
    <dependency identifierref="COMMON_FILES"/>
  </resource>
  <resource identifier="RES-eXe_iesgn202362c6c2ea274d16a19210" type="webcontent" adlcp:scormtype="sco" href="p06_medicin_de_prdidas_en_fibra_ptica.html"> 
    <file href="p06_medicin_de_prdidas_en_fibra_ptica.html"/> 
    <file href="exe_html5.js"/>
    <dependency identifierref="COMMON_FILES"/>
  </resource>
  <resource identifier="RES-eXe_iesgn202362c6c2ea274d16a19212" type="webcontent" adlcp:scormtype="sco" href="p07_utilizacin_del_convertidor_de_medios.html"> 
    <file href="p07_utilizacin_del_convertidor_de_medios.html"/> 
    <file href="exe_html5.js"/>
    <dependency identifierref="COMMON_FILES"/>
  </resource>
  <resource identifier="RES-eXe_iesgn202362c6c2ea274d16a19214" type="webcontent" adlcp:scormtype="sco" href="anexo_materiales.html"> 
    <file href="anexo_materiales.html"/> 
    <file href="exe_html5.js"/>
    <dependency identifierref="COMMON_FILES"/>
  </resource>
  <resource identifier="RES-eXe_iesgn202362c6c2ea274d16a19216" type="webcontent" adlcp:scormtype="sco" href="anexo_herramientas.html"> 
    <file href="anexo_herramientas.html"/> 
    <file href="exe_html5.js"/>
    <dependency identifierref="COMMON_FILES"/>
  </resource>
  <resource identifier="RES-eXe_iesgn202362c6c2ea274d16a19218" type="webcontent" adlcp:scormtype="sco" href="enlaces_y_descargas.html"> 
    <file href="enlaces_y_descargas.html"/> 
    <file href="exe_html5.js"/>
    <dependency identifierref="COMMON_FILES"/>
  </resource>
  <resource identifier="COMMON_FILES" type="webcontent" adlcp:scormtype="asset">
    <file href="_adultos_bg.png"/>
    <file href="_adultos_bg_.png"/>
    <file href="_adultos_footer.png"/>
    <file href="_adultos_header.png"/>
    <file href="_adultos_icons.png"/>
    <file href="_adultos_js.js"/>
    <file href="_adultos_left_column.gif"/>
    <file href="_adultos_left_column__.gif"/>
    <file href="_adultos_licenses.gif"/>
    <file href="_adultos_menu.gif"/>
    <file href="_adultos_print.png"/>
    <file href="_adultos_title_bg.png"/>
    <file href="_epub_header.png"/>
    <file href="_style_icons.png"/>
    <file href="Atkinson-Hyperlegible-Regular-102a.woff2"/>
    <file href="bullet.png"/>
    <file href="config.xml"/>
    <file href="content.css"/>
    <file href="content.css.bak"/>
    <file href="content_print.css"/>
    <file href="EducaAnd_Adultos.ott"/>
    <file href="icon_actividad.png"/>
    <file href="icon_adjunto.png"/>
    <file href="icon_aprender_a_aprender.png"/>
    <file href="icon_canto.png"/>
    <file href="icon_caso.png"/>
    <file href="icon_conocer.png"/>
    <file href="icon_coproduccionoral.png"/>
    <file href="icon_coproducciontxt.png"/>
    <file href="icon_cuestionario.png"/>
    <file href="icon_culturales.png"/>
    <file href="icon_curiosidad.png"/>
    <file href="icon_descarga.png"/>
    <file href="icon_ejemplo.png"/>
    <file href="icon_ejercicio.png"/>
    <file href="icon_emociones.png"/>
    <file href="icon_escribe.png"/>
    <file href="icon_escucha.png"/>
    <file href="icon_fonetica.png"/>
    <file href="icon_galeria.png"/>
    <file href="icon_graba.png"/>
    <file href="icon_gramatica.png"/>
    <file href="icon_habla.png"/>
    <file href="icon_importante.png"/>
    <file href="icon_informarse.png"/>
    <file href="icon_interactivo.png"/>
    <file href="icon_juego.png"/>
    <file href="icon_lee.png"/>
    <file href="icon_manipula.png"/>
    <file href="icon_mediacion.png"/>
    <file href="icon_mediar.png"/>
    <file href="icon_musica.png"/>
    <file href="icon_nota.png"/>
    <file href="icon_objetivos.png"/>
    <file href="icon_orientaciones.png"/>
    <file href="icon_plus.png"/>
    <file href="icon_practicamusical.png"/>
    <file href="icon_preconocimiento.png"/>
    <file href="icon_reading.png"/>
    <file href="icon_recomendacion.png"/>
    <file href="icon_reflexion.png"/>
    <file href="icon_reproduccion.png"/>
    <file href="icon_rss.png"/>
    <file href="icon_rubrica.png"/>
    <file href="icon_saber.png"/>
    <file href="icon_tarea.png"/>
    <file href="icon_tareagrupal.png"/>
    <file href="icon_temporalizacion.png"/>
    <file href="icon_vocabulario.png"/>
    <file href="logo_junta.jpg"/>
    <file href="logo_junta.png"/>
    <file href="nav.css"/>
    <file href="base.css"/>
    <file href="popup_bg.gif"/>
    <file href="SCORM_API_wrapper.js"/>
    <file href="SCOFunctions.js"/>
    <file href="common.js"/>
    <file href="common_i18n.js"/>
    <file href="exe_jquery.js"/>
    <file href="content.xsd"/>
    <file href="content.data"/>
    <file href="contentv3.xml"/>
    <file href="imslrm.xml"/>
  </resource>
</resources>
</manifest>
