<?xml version="1.0" encoding="UTF-8"?>
<!-- Generated by eXe - http://exelearning.net -->
<manifest identifier="eXefibra_2023647dbff32748c1950e1" xmlns="http://www.imsproject.org/xsd/imscp_rootv1p1p2" xmlns:adlcp="http://www.adlnet.org/xsd/adlcp_rootv1p2" xmlns:imsmd="http://www.imsglobal.org/xsd/imsmd_v1p2" xmlns:xsi="http://www.w3.org/2001/XMLSchema-instance" xsi:schemaLocation="http://www.imsproject.org/xsd/imscp_rootv1p1p2 imscp_rootv1p1p2.xsd http://www.imsglobal.org/xsd/imsmd_rootv1p2p1 imsmd_rootv1p2p1.xsd http://www.adlnet.org/xsd/adlcp_rootv1p2 adlcp_rootv1p2.xsd" > 
<metadata> 
 <schema>ADL SCORM</schema> 
 <schemaversion>1.2</schemaversion> 
 <adlcp:location>imslrm.xml</adlcp:location> 
</metadata> 
<organizations default="eXefibra_2023647dbff32748c1950e2">  
    <organization identifier="eXefibra_2023647dbff32748c1950e2" structure="hierarchical">
        <title>Montaje y Diagnóstico de Redes de Datos de fibra óptica de acuerdo a los estándares TIA/ISO</title>
<item identifier="ITEM-eXefibra_2023647dbff32748c1950e3" isvisible="true" identifierref="RES-eXefibra_2023647dbff32748c1950e4">
    <title>Inicio</title>
<item identifier="ITEM-eXefibra_2023647dbff32748c1950e5" isvisible="true" identifierref="RES-eXefibra_2023647dbff32748c1950e6">
    <title>P01. Introducción a la Fibra Óptica y sus principales medidas de protección y seguridad</title>
</item>
<item identifier="ITEM-eXefibra_2023647dbff32748c1950f7" isvisible="true" identifierref="RES-eXefibra_2023647dbff32748c1950f8">
    <title>P02. Empalme por fusión de dos fibras</title>
</item>
<item identifier="ITEM-eXefibra_2023647dbff32748c1950f9" isvisible="true" identifierref="RES-eXefibra_2023647dbff32748c1950fa">
    <title>P03. Fusionado de pigtail</title>
</item>
<item identifier="ITEM-eXefibra_2023647dbff32748c1950fb" isvisible="true" identifierref="RES-eXefibra_2023647dbff32748c1950fc">
    <title>P04. Terminación cable fibra óptica en bandeja de 19"</title>
</item>
<item identifier="ITEM-eXefibra_2023647dbff32748c1950fd" isvisible="true" identifierref="RES-eXefibra_2023647dbff32748c1950fe">
    <title>P05. Prueba de enlace en fibra óptica</title>
</item>
<item identifier="ITEM-eXefibra_2023647dbff32748c1950ff" isvisible="true" identifierref="RES-eXefibra_2023647dbff32748c1950f10">
    <title>P06. Medición de pérdidas en fibra óptica</title>
</item>
<item identifier="ITEM-eXefibra_2023647dbff32748c1950f11" isvisible="true" identifierref="RES-eXefibra_2023647dbff32748c1950f12">
    <title>P07. Utilización del convertidor de medios</title>
</item>
<item identifier="ITEM-eXefibra_2023647dbff32748c1950f13" isvisible="true" identifierref="RES-eXefibra_2023647dbff32748c1950f14">
    <title>Anexo: Materiales</title>
</item>
<item identifier="ITEM-eXefibra_2023647dbff32748c1951015" isvisible="true" identifierref="RES-eXefibra_2023647dbff32748c1951016">
    <title>Anexo: Herramientas</title>
</item>
</item>
  </organization>
</organizations>
<resources>
  <resource identifier="RES-eXefibra_2023647dbff32748c1950e4" type="webcontent" adlcp:scormtype="sco" href="index.html"> 
    <file href="index.html"/> 
    <file href="exe_html5.js"/>
    <file href="intro.png"/>
    <dependency identifierref="COMMON_FILES"/>
  </resource>
  <resource identifier="RES-eXefibra_2023647dbff32748c1950e6" type="webcontent" adlcp:scormtype="sco" href="p01_introduccin_a_la_fibra_ptica_y_sus_principales_medidas_de_proteccin_y_seguridad.html"> 
    <file href="p01_introduccin_a_la_fibra_ptica_y_sus_principales_medidas_de_proteccin_y_seguridad.html"/> 
    <file href="exe_html5.js"/>
    <dependency identifierref="COMMON_FILES"/>
  </resource>
  <resource identifier="RES-eXefibra_2023647dbff32748c1950f8" type="webcontent" adlcp:scormtype="sco" href="p02_empalme_por_fusin_de_dos_fibras.html"> 
    <file href="p02_empalme_por_fusin_de_dos_fibras.html"/> 
    <file href="exe_html5.js"/>
    <dependency identifierref="COMMON_FILES"/>
  </resource>
  <resource identifier="RES-eXefibra_2023647dbff32748c1950fa" type="webcontent" adlcp:scormtype="sco" href="p03_fusionado_de_pigtail.html"> 
    <file href="p03_fusionado_de_pigtail.html"/> 
    <file href="exe_html5.js"/>
    <dependency identifierref="COMMON_FILES"/>
  </resource>
  <resource identifier="RES-eXefibra_2023647dbff32748c1950fc" type="webcontent" adlcp:scormtype="sco" href="p04_terminacin_cable_fibra_ptica_en_bandeja_de_19.html"> 
    <file href="p04_terminacin_cable_fibra_ptica_en_bandeja_de_19.html"/> 
    <file href="exe_html5.js"/>
    <dependency identifierref="COMMON_FILES"/>
  </resource>
  <resource identifier="RES-eXefibra_2023647dbff32748c1950fe" type="webcontent" adlcp:scormtype="sco" href="p05_prueba_de_enlace_en_fibra_ptica.html"> 
    <file href="p05_prueba_de_enlace_en_fibra_ptica.html"/> 
    <file href="exe_html5.js"/>
    <dependency identifierref="COMMON_FILES"/>
  </resource>
  <resource identifier="RES-eXefibra_2023647dbff32748c1950f10" type="webcontent" adlcp:scormtype="sco" href="p06_medicin_de_prdidas_en_fibra_ptica.html"> 
    <file href="p06_medicin_de_prdidas_en_fibra_ptica.html"/> 
    <file href="exe_html5.js"/>
    <dependency identifierref="COMMON_FILES"/>
  </resource>
  <resource identifier="RES-eXefibra_2023647dbff32748c1950f12" type="webcontent" adlcp:scormtype="sco" href="p07_utilizacin_del_convertidor_de_medios.html"> 
    <file href="p07_utilizacin_del_convertidor_de_medios.html"/> 
    <file href="exe_html5.js"/>
    <dependency identifierref="COMMON_FILES"/>
  </resource>
  <resource identifier="RES-eXefibra_2023647dbff32748c1950f14" type="webcontent" adlcp:scormtype="sco" href="anexo_materiales.html"> 
    <file href="anexo_materiales.html"/> 
    <file href="exe_html5.js"/>
    <dependency identifierref="COMMON_FILES"/>
  </resource>
  <resource identifier="RES-eXefibra_2023647dbff32748c1951016" type="webcontent" adlcp:scormtype="sco" href="anexo_herramientas.html"> 
    <file href="anexo_herramientas.html"/> 
    <file href="exe_html5.js"/>
    <dependency identifierref="COMMON_FILES"/>
  </resource>
  <resource identifier="COMMON_FILES" type="webcontent" adlcp:scormtype="asset">
    <file href="icon_tree.png"/>
    <file href="_intef_menu.gif"/>
    <file href="icon_award.png"/>
    <file href="icon_share.png"/>
    <file href="_intef_licenses.gif"/>
    <file href="icon_exe.png"/>
    <file href="icon_bulb.png"/>
    <file href="_intef_js.js"/>
    <file href="nav.css"/>
    <file href="config.xml"/>
    <file href="_intef_header.png"/>
    <file href="icon_think.png"/>
    <file href="icon_presentation.png"/>
    <file href="icon_teacher_screen.png"/>
    <file href="icon_telescope.png"/>
    <file href="icon_network.png"/>
    <file href="icon_knowledge.png"/>
    <file href="icon_free_license.png"/>
    <file href="_intef_print.png"/>
    <file href="icon_atom.png"/>
    <file href="icon_puzzle.png"/>
    <file href="icon_edia.png"/>
    <file href="icon_camera.png"/>
    <file href="icon_stars.png"/>
    <file href="icon_talk.png"/>
    <file href="EncodeSans-Light_latin-ext.woff2"/>
    <file href="EncodeSans-Light_vietnamese.woff2"/>
    <file href="icon_plus.png"/>
    <file href="_intef_bg.png"/>
    <file href="_intef_left_column.gif"/>
    <file href="icon_etwinning.png"/>
    <file href="_intef_title_bg.png"/>
    <file href="content.css"/>
    <file href="_intef_footer.png"/>
    <file href="icon_footprints.png"/>
    <file href="icon_beach.png"/>
    <file href="icon_microphone.png"/>
    <file href="EncodeSans-Light_latin.woff2"/>
    <file href="icon_write.png"/>
    <file href="icon_gears.png"/>
    <file href="icon_classroom.png"/>
    <file href="_intef_icons.png"/>
    <file href="icon_compass.png"/>
    <file href="icon_list.png"/>
    <file href="base.css"/>
    <file href="popup_bg.gif"/>
    <file href="exe_powered_logo.png"/>
    <file href="SCORM_API_wrapper.js"/>
    <file href="SCOFunctions.js"/>
    <file href="common.js"/>
    <file href="common_i18n.js"/>
    <file href="exe_jquery.js"/>
    <file href="content.xsd"/>
    <file href="content.data"/>
    <file href="contentv3.xml"/>
    <file href="imslrm.xml"/>
  </resource>
</resources>
</manifest>
