<?xml version="1.0" encoding="UTF-8"?>
<!-- Generated by eXe - http://exelearning.net -->
<manifest identifier="eXeNoName647dbff32748c64b922d" xmlns="http://www.imsproject.org/xsd/imscp_rootv1p1p2" xmlns:adlcp="http://www.adlnet.org/xsd/adlcp_rootv1p2" xmlns:imsmd="http://www.imsglobal.org/xsd/imsmd_v1p2" xmlns:xsi="http://www.w3.org/2001/XMLSchema-instance" xsi:schemaLocation="http://www.imsproject.org/xsd/imscp_rootv1p1p2 imscp_rootv1p1p2.xsd http://www.imsglobal.org/xsd/imsmd_rootv1p2p1 imsmd_rootv1p2p1.xsd http://www.adlnet.org/xsd/adlcp_rootv1p2 adlcp_rootv1p2.xsd" > 
<metadata> 
 <schema>ADL SCORM</schema> 
 <schemaversion>1.2</schemaversion> 
 <adlcp:location>imslrm.xml</adlcp:location> 
</metadata> 
<organizations default="eXeNoName647dbff32748c64b922e">  
    <organization identifier="eXeNoName647dbff32748c64b922e" structure="hierarchical">
        <title>Enlaces y Descargas</title>
<item identifier="ITEM-eXeNoName647dbff32748c64b922f" isvisible="true" identifierref="RES-eXeNoName647dbff32748c64b9230">
    <title>Enlaces y Descargas</title>
</item>
  </organization>
</organizations>
<resources>
  <resource identifier="RES-eXeNoName647dbff32748c64b9230" type="webcontent" adlcp:scormtype="sco" href="index.html"> 
    <file href="index.html"/> 
    <file href="exe_html5.js"/>
    <dependency identifierref="COMMON_FILES"/>
  </resource>
  <resource identifier="COMMON_FILES" type="webcontent" adlcp:scormtype="asset">
    <file href="icon_mediacion.png"/>
    <file href="icon_musica.png"/>
    <file href="icon_lee.png"/>
    <file href="logo_junta.jpg"/>
    <file href="icon_galeria.png"/>
    <file href="nav.css"/>
    <file href="config.xml"/>
    <file href="_adultos_licenses.gif"/>
    <file href="icon_cuestionario.png"/>
    <file href="icon_interactivo.png"/>
    <file href="_adultos_left_column__.gif"/>
    <file href="_style_icons.png"/>
    <file href="icon_mediar.png"/>
    <file href="icon_descarga.png"/>
    <file href="EducaAnd_Adultos.ott"/>
    <file href="icon_graba.png"/>
    <file href="_adultos_title_bg.png"/>
    <file href="icon_temporalizacion.png"/>
    <file href="_adultos_icons.png"/>
    <file href="_adultos_js.js"/>
    <file href="icon_caso.png"/>
    <file href="_adultos_menu.gif"/>
    <file href="icon_ejercicio.png"/>
    <file href="icon_gramatica.png"/>
    <file href="icon_rss.png"/>
    <file href="icon_reflexion.png"/>
    <file href="icon_tareagrupal.png"/>
    <file href="icon_informarse.png"/>
    <file href="icon_canto.png"/>
    <file href="icon_practicamusical.png"/>
    <file href="icon_tarea.png"/>
    <file href="_adultos_header.png"/>
    <file href="icon_curiosidad.png"/>
    <file href="icon_recomendacion.png"/>
    <file href="icon_saber.png"/>
    <file href="icon_habla.png"/>
    <file href="icon_adjunto.png"/>
    <file href="icon_aprender_a_aprender.png"/>
    <file href="icon_emociones.png"/>
    <file href="icon_plus.png"/>
    <file href="icon_preconocimiento.png"/>
    <file href="icon_reproduccion.png"/>
    <file href="icon_coproducciontxt.png"/>
    <file href="icon_escucha.png"/>
    <file href="_adultos_footer.png"/>
    <file href="icon_objetivos.png"/>
    <file href="logo_junta.png"/>
    <file href="icon_actividad.png"/>
    <file href="icon_fonetica.png"/>
    <file href="content.css"/>
    <file href="icon_vocabulario.png"/>
    <file href="Atkinson-Hyperlegible-Regular-102a.woff2"/>
    <file href="icon_culturales.png"/>
    <file href="icon_importante.png"/>
    <file href="icon_manipula.png"/>
    <file href="icon_reading.png"/>
    <file href="_adultos_bg_.png"/>
    <file href="icon_conocer.png"/>
    <file href="_adultos_bg.png"/>
    <file href="icon_nota.png"/>
    <file href="icon_escribe.png"/>
    <file href="_adultos_left_column.gif"/>
    <file href="content.css.bak"/>
    <file href="icon_orientaciones.png"/>
    <file href="content_print.css"/>
    <file href="icon_coproduccionoral.png"/>
    <file href="_adultos_print.png"/>
    <file href="icon_juego.png"/>
    <file href="icon_ejemplo.png"/>
    <file href="_epub_header.png"/>
    <file href="bullet.png"/>
    <file href="icon_rubrica.png"/>
    <file href="base.css"/>
    <file href="popup_bg.gif"/>
    <file href="exe_powered_logo.png"/>
    <file href="SCORM_API_wrapper.js"/>
    <file href="SCOFunctions.js"/>
    <file href="common.js"/>
    <file href="common_i18n.js"/>
    <file href="exe_jquery.js"/>
    <file href="content.xsd"/>
    <file href="content.data"/>
    <file href="contentv3.xml"/>
    <file href="imslrm.xml"/>
  </resource>
</resources>
</manifest>
